dimension,accuracy,f1_macro,mae,qwk,n
WHAT,0.9148936170212766,0.6063492063492063,0.0851063829787234,0.8281535648994516,47
WHY,0.8723404255319149,0.8665223665223665,0.1276595744680851,0.8770706190061028,47
HOW,0.8085106382978723,0.6885511651469098,0.19148936170212766,0.7297124600638978,47
