{
  "agreement_metrics": {
    "claude_vs_gpt4o": {
      "what": {
        "accuracy": 0.9148936170212766,
        "f1_macro": 0.6063492063492063,
        "mae": 0.0851063829787234,
        "qwk": 0.8281535648994516,
        "n": 47
      },
      "why": {
        "accuracy": 0.8723404255319149,
        "f1_macro": 0.8665223665223665,
        "mae": 0.1276595744680851,
        "qwk": 0.8770706190061028,
        "n": 47
      },
      "how": {
        "accuracy": 0.8085106382978723,
        "f1_macro": 0.6885511651469098,
        "mae": 0.19148936170212766,
        "qwk": 0.7297124600638978,
        "n": 47
      }
    }
  }
}