model,approach,accuracy,f1_macro,mae,qwk,n
tfidf,decomposed,0.8103448275862069,0.5397124887690925,0.25862068965517243,0.9539714305430957,58
tfidf,direct,0.7931034482758621,0.6066378066378066,0.3620689655172414,0.8755638684123666,58
embedding,decomposed,0.8103448275862069,0.49685534591194963,0.22413793103448276,0.9680637429552374,58
embedding,direct,0.7413793103448276,0.48336235922442816,0.3448275862068966,0.9185569237416289,58
